INSERT INTO admins (email) VALUES ('azimjon8253@gmail.com');

INSERT INTO users (id, name, username, bio, birth_day, email, password, avatar, coint, score, refresh_token)
VALUES
    ('423e4567-e89b-12d3-a456-426614174004', 'Emily Brown', 'emilyb', 'Passionate chef exploring new culinary horizons.', '1995-03-08', 'emilyb@example.com', '$2a$14$pz9Nimb0eNF/4BwYwrF9m.CVLrL6YeK.tFWV3vMsFgds0oBMhwFRq', 'app.asrlan.uz/assets/mdata/240ed90a-0610-46f1-8e4f-1978d3ddc988.jpg', 180, 1000, 'eyJhbGciOiJIUzI1NiIsInR5cCI6IkpXVCJ9.eyJzdWIiOiJvZmZiZWs1QGdtYWlsLmNvbSJ9.rFtJOyLUD4Oi3KXYn3FfZQiNloD9K2rF8a9liQf4o0A'),
    ('223e4567-e89b-12d3-a456-426614174002', 'Alice Smith', 'alicesmith', 'Marketing professional with a flair for creativity.', '1985-06-15', 'alicesmith@example.com', '$2a$14$pz9Nimb0eNF/4BwYwrF9m.CVLrL6YeK.tFWV3vMsFgds0oBMhwFRq', 'app.asrlan.uz/assets/mdata/bbdbe01e-c2af-4407-93c1-f54deeb2625f.jpg', 150, 900, 'eyJhbGciOiJIUzI1NiIsInR5cCI6IkpXVCJ9.eyJzdWIiOiJvZmZiZWs1QGdtYWlsLmNvbSJ9.rFtJOyLUD4Oi3KXYn3FfZQiNloD9K2rF8a9liQf4o0A'),
    ('678e9012-e89b-12d3-a456-426614174006', 'Tony Alexson', 'tonyme', 'Tech geek and startup enthusiast. My motto is Never Give Up', '1998-04-18', 'offbek5@gmail.com', '$2a$14$pz9Nimb0eNF/4BwYwrF9m.CVLrL6YeK.tFWV3vMsFgds0oBMhwFRq', 'app.asrlan.uz/assets/mdata/71cf7dc2-48af-4e8e-a3f3-d0711925ab51.jpg', 180, 800, 'eyJhbGciOiJIUzI1NiIsInR5cCI6IkpXVCJ9.eyJzdWIiOiJvZmZiZWs1QGdtYWlsLmNvbSJ9.rFtJOyLUD4Oi3KXYn3FfZQiNloD9K2rF8a9liQf4o0A'),
    ('8a22ae56-d927-11ee-90e4-d8bbc174b998', 'Davron Nuriddinov', 'davronchik', 'Passionate about technology and coding.', '2003-05-15', 'nuriddinovdavron2003@gmail.com', '$2a$14$pz9Nimb0eNF/4BwYwrF9m.CVLrL6YeK.tFWV3vMsFgds0oBMhwFRq', 'app.asrlan.uz/assets/mdata/9337160e-89d3-4c08-9eba-0ba73103f605.jpg', 100, 1500, 'eyJhbGciOiJIUzI1NiIsInR5cCI6IkpXVCJ9.eyJzdWIiOiJvZmZiZWs1QGdtYWlsLmNvbSJ9.rFtJOyLUD4Oi3KXYn3FfZQiNloD9K2rF8a9liQf4o0A'),
    ('a23d35b3-afb0-4e6d-9229-7c011f0e6441', 'Azimjon Khudoyberdiyev', 'azimjon', 'Frontend dev at Asrlan and React master', '2004-03-08', 'azimjon8253@gmail.com', '$2a$14$pz9Nimb0eNF/4BwYwrF9m.CVLrL6YeK.tFWV3vMsFgds0oBMhwFRq', '', 180, 1000, 'eyJhbGciOiJIUzI1NiIsInR5cCI6IkpXVCJ9.eyJzdWIiOiJvZmZiZWs1QGdtYWlsLmNvbSJ9.rFtJOyLUD4Oi3KXYn3FfZQiNloD9K2rF8a9liQf4o0A');

INSERT INTO badges (name, badge_date, badge_type, picture) VALUES
    ('Star Performer', '2024-04-01', 'month', 'app.asrlan.uz/assets/badges/2024_1.png'),
    ('Community Contributor', '2024-01-20', 'extra', 'app.asrlan.uz/assets/badges/2024_2.png'),
    ('Innovator of the Month', '2024-03-05', 'month', 'app.asrlan.uz/assets/badges/2024_3.png'),
    ('Super User', '2024-02-01', 'extra', 'app.asrlan.uz/assets/badges/2024_4.png'),
    ('Top Supporter', '2024-01-10', 'month', 'app.asrlan.uz/assets/badges/2024_5.png');

INSERT INTO badges (name, badge_date, badge_type, picture) VALUES
    ('Legend', '2024-01-10', 'extra', 'app.asrlan.uz/assets/mdata/rankbadge/legend.png'),
    ('Hero', '2024-01-10', 'extra', 'app.asrlan.uz/assets/mdata/rankbadge/hero.png'),
    ('Master', '2024-01-10', 'extra', 'app.asrlan.uz/assets/mdata/rankbadge/master.png'),
    ('Experts', '2024-01-10', 'extra', 'app.asrlan.uz/assets/mdata/rankbadge/experts.png'),
    ('Ninja', '2024-01-10', 'extra', 'app.asrlan.uz/assets/mdata/rankbadge/ninja.png'),
    ('Knight', '2024-01-10', 'extra', 'app.asrlan.uz/assets/mdata/rankbadge/knight.png'),
    ('Gladiator', '2024-01-10', 'extra', 'app.asrlan.uz/assets/mdata/rankbadge/gladiator.png'),
    ('Warrior', '2024-01-10', 'extra', 'app.asrlan.uz/assets/mdata/rankbadge/warrior.png'),
    ('Solider', '2024-01-10', 'extra', 'app.asrlan.uz/assets/mdata/rankbadge/solider.png'),
    ('Starter', '2024-01-10', 'extra', 'app.asrlan.uz/assets/mdata/rankbadge/starter.png');


INSERT INTO user_badge (user_id, badge_id) VALUES
    ('8a22ae56-d927-11ee-90e4-d8bbc174b998', 1),
    ('8a22ae56-d927-11ee-90e4-d8bbc174b998', 2),
    ('8a22ae56-d927-11ee-90e4-d8bbc174b998', 3),
    ('8a22ae56-d927-11ee-90e4-d8bbc174b998', 4),
    ('8a22ae56-d927-11ee-90e4-d8bbc174b998', 5),
    ('678e9012-e89b-12d3-a456-426614174006', 1),
    ('678e9012-e89b-12d3-a456-426614174006', 3),
    ('678e9012-e89b-12d3-a456-426614174006', 5),
    ('223e4567-e89b-12d3-a456-426614174002', 4),
    ('223e4567-e89b-12d3-a456-426614174002', 5),
    ('423e4567-e89b-12d3-a456-426614174004', 1);

-- -- Inserting mock data into the socials table
INSERT INTO socials (location_name, location_url, education_name, education_url, telegram_name, telegram_url, twitter_name, twitter_url, instagram_name, instagram_url, youtube_name, youtube_url, linkedin_name, linkedin_url, website_name, website_url, user_id)
VALUES 
('New York City', 'https://example.com/nyc', 'Harvard University', 'https://example.com/harvard', 'mytelegram', 'https://t.me/mytelegram', 'mytwitter', 'https://twitter.com/mytwitter', 'myinstagram', 'https://www.instagram.com/myinstagram', 'myyoutube', 'https://www.youtube.com/myyoutube', 'John Doe', 'https://www.linkedin.com/in/johndoe', 'Personal Website', 'https://www.johndoe.com', '423e4567-e89b-12d3-a456-426614174004'),
('Los Angeles', 'https://example.com/la', 'Stanford University', 'https://example.com/stanford', 'mytelegram', 'https://t.me/mytelegram', 'mytwitter', 'https://twitter.com/mytwitter', 'myinstagram', 'https://www.instagram.com/myinstagram', 'myyoutube', 'https://www.youtube.com/myyoutube', 'Jane Smith', 'https://www.linkedin.com/in/janesmith', 'Personal Blog', 'https://www.janesmithblog.com', '223e4567-e89b-12d3-a456-426614174002'),
('Chicago', 'https://example.com/chicago', 'MIT', 'https://example.com/mit', 'mytelegram', 'https://t.me/mytelegram', 'mytwitter', 'https://twitter.com/mytwitter', 'myinstagram', 'https://www.instagram.com/myinstagram', 'myyoutube', 'https://www.youtube.com/myyoutube', 'Robert Johnson', 'https://www.linkedin.com/in/robertjohnson', 'Portfolio', 'https://www.robertportfolio.com', '678e9012-e89b-12d3-a456-426614174006'),
('San Francisco', 'https://example.com/sf', 'University of California', 'https://example.com/uc', 'mytelegram', 'https://t.me/mytelegram', 'mytwitter', 'https://twitter.com/mytwitter', 'myinstagram', 'https://www.instagram.com/myinstagram', 'myyoutube', 'https://www.youtube.com/myyoutube', 'Emily Williams', 'https://www.linkedin.com/in/emilywilliams', 'Personal Site', 'https://www.emilywebsite.com', '8a22ae56-d927-11ee-90e4-d8bbc174b998'),
('Seattle', 'https://example.com/seattle', 'University of Washington', 'https://example.com/uw', 'mytelegram', 'https://t.me/mytelegram', 'mytwitter', 'https://twitter.com/mytwitter', 'myinstagram', 'https://www.instagram.com/myinstagram', 'myyoutube', 'https://www.youtube.com/myyoutube', 'Michael Brown', 'https://www.linkedin.com/in/michaelbrown', 'Professional Portfolio', 'https://www.michaelportfolio.com', 'a23d35b3-afb0-4e6d-9229-7c011f0e6441');



INSERT INTO user_language (user_id, language_id) VALUES
    ('423e4567-e89b-12d3-a456-426614174004', 1),
    ('223e4567-e89b-12d3-a456-426614174002', 1),
    ('678e9012-e89b-12d3-a456-426614174006', 1),
    ('8a22ae56-d927-11ee-90e4-d8bbc174b998', 1);

INSERT INTO user_level (user_id, level_id) VALUES
    ('423e4567-e89b-12d3-a456-426614174004', 1),
    ('223e4567-e89b-12d3-a456-426614174002', 1),
    ('678e9012-e89b-12d3-a456-426614174006', 1),
    ('8a22ae56-d927-11ee-90e4-d8bbc174b998', 1);


INSERT INTO user_lesson (score, user_id, lesson_id, created_at)
VALUES
    (100, '8a22ae56-d927-11ee-90e4-d8bbc174b998', 1, '2024-01-17' ),
    (100, '8a22ae56-d927-11ee-90e4-d8bbc174b998', 2, '2024-01-17' ),
    (100, '8a22ae56-d927-11ee-90e4-d8bbc174b998', 3, '2024-01-17' ),
    (76, '8a22ae56-d927-11ee-90e4-d8bbc174b998', 4, '2024-01-17' ),
    (65, '8a22ae56-d927-11ee-90e4-d8bbc174b998', 5, '2024-01-17' ),
    (50, '8a22ae56-d927-11ee-90e4-d8bbc174b998', 6, '2024-01-17' );
    -- (40, '8a22ae56-d927-11ee-90e4-d8bbc174b998', 7, '2024-01-17' ),
    -- (50, '8a22ae56-d927-11ee-90e4-d8bbc174b998', 8, '2024-01-17' ),
    -- (20, '8a22ae56-d927-11ee-90e4-d8bbc174b998', 9, '2024-01-17' ),
    -- (45, '8a22ae56-d927-11ee-90e4-d8bbc174b998', 10, '2024-01-17'),
    -- (87, '8a22ae56-d927-11ee-90e4-d8bbc174b998', 11, '2024-02-17'),
    -- (10, '8a22ae56-d927-11ee-90e4-d8bbc174b998', 12, '2024-02-17'),
    -- (10, '8a22ae56-d927-11ee-90e4-d8bbc174b998', 13, '2024-02-17');




INSERT INTO activitys (created_at, score, user_id) VALUES
    ('2024-01-05', 40, '8a22ae56-d927-11ee-90e4-d8bbc174b998'),
    ('2024-01-10', 50, '8a22ae56-d927-11ee-90e4-d8bbc174b998'),
    ('2024-01-15', 30, '8a22ae56-d927-11ee-90e4-d8bbc174b998'),
    ('2024-01-20', 40, '8a22ae56-d927-11ee-90e4-d8bbc174b998'),
    ('2024-01-25', 30, '8a22ae56-d927-11ee-90e4-d8bbc174b998'),
    ('2024-02-01', 50, '8a22ae56-d927-11ee-90e4-d8bbc174b998'),
    ('2024-02-05', 20, '8a22ae56-d927-11ee-90e4-d8bbc174b998'),
    ('2024-02-10', 30, '8a22ae56-d927-11ee-90e4-d8bbc174b998'),
    ('2024-02-15', 40, '8a22ae56-d927-11ee-90e4-d8bbc174b998'),
    ('2024-02-20', 50, '8a22ae56-d927-11ee-90e4-d8bbc174b998'),
    ('2024-02-25', 30, '8a22ae56-d927-11ee-90e4-d8bbc174b998'),
    ('2024-03-01', 40, '8a22ae56-d927-11ee-90e4-d8bbc174b998'),
    ('2024-03-05', 30, '8a22ae56-d927-11ee-90e4-d8bbc174b998'),
    ('2024-03-10', 50, '8a22ae56-d927-11ee-90e4-d8bbc174b998'),
    ('2024-03-15', 20, '8a22ae56-d927-11ee-90e4-d8bbc174b998'),
    ('2024-03-20', 30, '8a22ae56-d927-11ee-90e4-d8bbc174b998'),
    ('2024-03-25', 40, '8a22ae56-d927-11ee-90e4-d8bbc174b998'),
    ('2024-03-30', 50, '8a22ae56-d927-11ee-90e4-d8bbc174b998'),
    ('2024-04-05', 30, '8a22ae56-d927-11ee-90e4-d8bbc174b998'),
    ('2024-04-10', 40, '8a22ae56-d927-11ee-90e4-d8bbc174b998'),
    ('2024-04-20', 40, '8a22ae56-d927-11ee-90e4-d8bbc174b998'),
    ('2024-04-25', 40, '8a22ae56-d927-11ee-90e4-d8bbc174b998'),
    ('2024-04-30', 40, '8a22ae56-d927-11ee-90e4-d8bbc174b998'),
    ('2024-05-01', 60, '8a22ae56-d927-11ee-90e4-d8bbc174b998'),
    ('2024-05-05', 40, '8a22ae56-d927-11ee-90e4-d8bbc174b998'),
    ('2024-05-10', 40, '8a22ae56-d927-11ee-90e4-d8bbc174b998'),
    ('2024-05-15', 90, '8a22ae56-d927-11ee-90e4-d8bbc174b998'),
    ('2024-05-16', 90, '8a22ae56-d927-11ee-90e4-d8bbc174b998'),
    ('2024-05-18', 90, '8a22ae56-d927-11ee-90e4-d8bbc174b998'),
    ('2024-05-19', 90, '8a22ae56-d927-11ee-90e4-d8bbc174b998'),
    ('2024-06-25', 90, '8a22ae56-d927-11ee-90e4-d8bbc174b998'),
    ('2024-06-26', 40, '8a22ae56-d927-11ee-90e4-d8bbc174b998'),
    ('2024-06-27', 90, '8a22ae56-d927-11ee-90e4-d8bbc174b998'),
    ('2024-06-30', 100, '8a22ae56-d927-11ee-90e4-d8bbc174b998');
    
INSERT INTO activitys (created_at, score, user_id) VALUES
    ('2024-02-01', 50, '678e9012-e89b-12d3-a456-426614174006'),
    ('2024-02-05', 20, '678e9012-e89b-12d3-a456-426614174006'),
    ('2024-02-10', 30, '678e9012-e89b-12d3-a456-426614174006'),
    ('2024-02-15', 40, '678e9012-e89b-12d3-a456-426614174006'),
    ('2024-02-20', 50, '678e9012-e89b-12d3-a456-426614174006'),
    ('2024-02-25', 30, '678e9012-e89b-12d3-a456-426614174006'),
    ('2024-03-01', 40, '678e9012-e89b-12d3-a456-426614174006'),
    ('2024-03-05', 30, '678e9012-e89b-12d3-a456-426614174006'),
    ('2024-03-10', 50, '678e9012-e89b-12d3-a456-426614174006'),
    ('2024-03-15', 20, '678e9012-e89b-12d3-a456-426614174006'),
    ('2024-03-20', 30, '678e9012-e89b-12d3-a456-426614174006'),
    ('2024-03-25', 40, '678e9012-e89b-12d3-a456-426614174006'),
    ('2024-03-30', 50, '678e9012-e89b-12d3-a456-426614174006'),
    ('2024-04-05', 30, '678e9012-e89b-12d3-a456-426614174006'),
    ('2024-04-10', 40, '678e9012-e89b-12d3-a456-426614174006'),
    ('2024-04-20', 40, '678e9012-e89b-12d3-a456-426614174006'),
    ('2024-04-25', 40, '678e9012-e89b-12d3-a456-426614174006'),
    ('2024-04-30', 40, '678e9012-e89b-12d3-a456-426614174006'),
    ('2024-05-01', 60, '678e9012-e89b-12d3-a456-426614174006'),
    ('2024-05-05', 40, '678e9012-e89b-12d3-a456-426614174006'),
    ('2024-05-10', 40, '678e9012-e89b-12d3-a456-426614174006'),
    ('2024-05-15', 90, '678e9012-e89b-12d3-a456-426614174006'),
    ('2024-05-20', 100, '678e9012-e89b-12d3-a456-426614174006'),
    ('2024-05-25', 40, '678e9012-e89b-12d3-a456-426614174006'),
    ('2024-05-30', 40, '678e9012-e89b-12d3-a456-426614174006');

INSERT INTO activitys (created_at, score, user_id) VALUES
    ('2024-03-01', 40, '223e4567-e89b-12d3-a456-426614174002'),
    ('2024-03-05', 30, '223e4567-e89b-12d3-a456-426614174002'),
    ('2024-03-10', 50, '223e4567-e89b-12d3-a456-426614174002'),
    ('2024-03-15', 20, '223e4567-e89b-12d3-a456-426614174002'),
    ('2024-03-20', 30, '223e4567-e89b-12d3-a456-426614174002'),
    ('2024-03-25', 40, '223e4567-e89b-12d3-a456-426614174002'),
    ('2024-03-30', 50, '223e4567-e89b-12d3-a456-426614174002'),
    ('2024-04-05', 30, '223e4567-e89b-12d3-a456-426614174002'),
    ('2024-04-10', 40, '223e4567-e89b-12d3-a456-426614174002'),
    ('2024-04-20', 40, '223e4567-e89b-12d3-a456-426614174002'),
    ('2024-04-25', 40, '223e4567-e89b-12d3-a456-426614174002'),
    ('2024-04-30', 40, '223e4567-e89b-12d3-a456-426614174002'),
    ('2024-05-01', 60, '223e4567-e89b-12d3-a456-426614174002'),
    ('2024-05-05', 40, '223e4567-e89b-12d3-a456-426614174002'),
    ('2024-05-10', 40, '223e4567-e89b-12d3-a456-426614174002'),
    ('2024-05-15', 90, '223e4567-e89b-12d3-a456-426614174002'),
    ('2024-05-20', 100, '223e4567-e89b-12d3-a456-426614174002'),
    ('2024-05-25', 40, '223e4567-e89b-12d3-a456-426614174002'),
    ('2024-05-30', 40, '223e4567-e89b-12d3-a456-426614174002');

INSERT INTO activitys (created_at, score, user_id) VALUES
    ('2024-04-05', 30, '423e4567-e89b-12d3-a456-426614174004'),
    ('2024-04-10', 40, '423e4567-e89b-12d3-a456-426614174004'),
    ('2024-04-20', 40, '423e4567-e89b-12d3-a456-426614174004'),
    ('2024-04-25', 40, '423e4567-e89b-12d3-a456-426614174004'),
    ('2024-04-30', 40, '423e4567-e89b-12d3-a456-426614174004'),
    ('2024-05-01', 60, '423e4567-e89b-12d3-a456-426614174004'),
    ('2024-05-05', 40, '423e4567-e89b-12d3-a456-426614174004'),
    ('2024-05-10', 40, '423e4567-e89b-12d3-a456-426614174004'),
    ('2024-05-15', 90, '423e4567-e89b-12d3-a456-426614174004'),
    ('2024-05-20', 100, '423e4567-e89b-12d3-a456-426614174004'),
    ('2024-05-25', 40, '423e4567-e89b-12d3-a456-426614174004'),
    ('2024-05-30', 40, '423e4567-e89b-12d3-a456-426614174004');

INSERT INTO books (name, picture, book_file, level_id) VALUES
    ('Free English Grammar', 'app.asrlan.uz/assets/image/75c785e9-369a-4969-ac8f-e3af2ee2832d.png', 'app.asrlan.uz/assets/pdf/Free_English_Grammar_(_PDFDrive_)_(1).pdf', 1);


